indicators,values
count,8178987.0
mean,0.020539058267521802
std,0.009195045075633188
min,2.24e-19
25%,0.0139330045
50%,0.01857548
75%,0.025161693
max,0.128352426
Skew,1.3141744076525161
Kurt,2.7679608818316477
TR,0.48866848897159043
