indicators,values
ICMean,-0.04404478552502869
IR,-0.5077348790634649
SignRatio,0.6366373902132999
PosSignRatio,0.14153074027603513
NegSignRatio,0.4951066499372647
ConSignRatio,0.4273525721455458
RevSignRatio,0.5706398996235884
