indicators,values
mean,0.9068468991819841
median,0.8154672580697233
mode,6.855654600401044
std,0.4147513966501617
skew,4.344401457712005
kurt,32.96164975817209
count,9298708.0
min,0.17408196006890608
P05,0.534067654642544
P25,0.6789264973837681
P75,1.0088305982246528
P95,1.5363489248452886
max,10.344669311308264
TR,0.15512000893315792
