indicators,values
count,7479162.0
mean,0.9999218183164832
std,0.003480113318636962
min,0.8996291424289713
25%,0.9990909795903894
50%,1.0000573353915598
75%,1.0010389700009552
max,1.1033595731994807
Skew,-1.8054480457257573
Kurt,41.67372071852632
TR,0.9861310180483858
