indicators,values
ICMean,-0.006124052527109694
IR,-0.1811613037646582
SignRatio,0.13048933500627352
PosSignRatio,0.04140526976160602
NegSignRatio,0.0890840652446675
ConSignRatio,0.07754077791718945
RevSignRatio,0.9191969887076537
