indicators,values
count,7431973.0
mean,0.0016173330612079151
std,0.0018084929724268232
min,7.99e-38
25%,0.000531467
50%,0.001041833
75%,0.002033221
max,0.036891217
Skew,3.5691253166533223
Kurt,22.438622756704923
TR,0.6241271989918602
