indicators,values
ICMean,-0.03980523375794991
IR,-0.5411098794543259
SignRatio,0.5947302383939774
PosSignRatio,0.11693851944792974
NegSignRatio,0.47779171894604766
ConSignRatio,0.4150564617314931
RevSignRatio,0.5829360100376412
