indicators,values
count,7498317.0
mean,0.0005884917725946284
std,0.0018769597080595351
min,-0.022691182
25%,-0.000306748
50%,0.000298066
75%,0.001265172
max,0.023171573
Skew,1.254473742013145
Kurt,7.925593053516097
TR,0.9805231931199596
