indicators,values
ICMean,-0.032679896451216585
IR,-0.6062095702189902
SignRatio,0.4476787954830615
PosSignRatio,0.06398996235884567
NegSignRatio,0.3836888331242158
ConSignRatio,0.35106649937264744
RevSignRatio,0.6484316185696362
