indicators,values
ICMean,-0.018754468316129747
IR,-0.1869367714070584
SignRatio,0.6216758655293527
PosSignRatio,0.24410436527847465
NegSignRatio,0.3775715002508781
ConSignRatio,0.3660311088810838
RevSignRatio,0.6339688911189162
