indicators,values
ICMean,
IR,
SignRatio,0.5950827897641746
PosSignRatio,0.25664826894129456
NegSignRatio,0.33843452082288006
ConSignRatio,0.32589061716006024
RevSignRatio,0.6741093828399398
