indicators,values
ICMean,
IR,
SignRatio,0.6665830406422478
PosSignRatio,0.2982940291018565
NegSignRatio,0.36828901154039134
ConSignRatio,0.32915203211239336
RevSignRatio,0.6708479678876066
